Cheryl Pike, 1, 2, Dr.
Bhargava, 1, 2, Dr. Bhargava, 4, 8, Email, 12, 24, Flyer, 2, 4, Kathy Calkin, 1, 2, Phone Call, 16, 32, TCOYD, 13, 26, , 5, 10, X, 45, 90, , 30, 60, X, 20, 40, , 28, 56, X, 22, 44, , 29, 58, X, 21, 42, , 27, 54, X, 23, 46, , 39, 78, X, 11, 22, , 1, 2, No, 35, 70, Yes, 14, 28, Yes, 50, 100, , 50, 100, Endocrinologist , 26, 52, Family
Practice Physician, 7, 14, Family Practice Physician, 16, 32, Other, 1, 2, Endocrinologist , 26, 52, Family
Practice Physician, 6, 12, Family Practice
Physician, 7, 14, Family Practice Physician, 10, 20, Other, 1, 2, 0-5 years, 16, 32, 5-10 years, 1, 2, >10-15
years, 1, 2, >10-15 years, 7, 14, >15-20 years, 5, 10, >20 years, 9, 18, >5-10
years, 1, 2, >5-10 years, 10, 20, border line, 1, 2, Type
1, 1, 2, Type
2, 6, 12, Type 1, 9, 18, Type 2, 33, 66, Insulin
pump, 2, 4, Insulin pump, 4, 8, More
than one insulin shot, 2, 4, More than one insulin
shot, 1, 2, More than one insulin shot, 2, 4, None, 4, 8, One Insulin shot, 1, 2, Pills, 34, 68, Insulin
pump, 1, 2, Insulin pump, 5, 10, More than one insulin shot, 5, 10, None, 4, 8, One Insulin shot, 1, 2, Pills, 34, 68, Insulin pump, 6, 12, More
than one insulin shot, 2, 4, More than one
insulin shot, 2, 4, More than one insulin shot, 1, 2, None, 4, 8, One
Insulin shot, 1, 2, Pills, 34, 68, , 5, 10, X, 45, 90, , 30, 60, X, 20, 40, , 28, 56, X, 22, 44, , 29, 58, X, 21, 42, , 27, 54, X, 23, 46, , 39, 78, X, 11, 22, , 1, 2, No, 35, 70, Yes, 14, 28, Yes, 50, 100, , 50, 100, Ames, 2, 4, Ankeny, 3, 6, Bloomfield, 1, 2, Bondurant, 1, 2, Carlisle, 1, 2, Clive, 1, 2, Des
Moines, 6, 12, Des Moines, 11, 22, guthrie center, 1, 2, HUXLEY, 2, 4, Indianola, 2, 4, Johnston, 3, 6, Kellogg, 1, 2, Knoxville, 1, 2, Milo, 1, 2, Minburn, 1, 2, Mingo, 1, 2, Pella, 1, 2, Phoenix, 1, 2, Polk City, 1, 2, Prairie City, 1, 2, Stanhope, 1, 2, Urbandale, 4, 8, Waukee, 1, 2, West Des Moines, 1, 2, , 1, 2, $10,000-
$29,000, 2, 4, $10,000- $29,000, 7, 14, $100,000 and above, 7, 14, $30,000-
$59,000, 1, 2, $30,000- $59,000, 17, 34, $60,000-
$99,999, 1, 2, $60,000- $99,999, 2, 4, I prefer not
to disclose, 1, 2, I prefer not to
disclose, 2, 4, I prefer not to disclose, 6, 12, Under $10,000, 3, 6, Arizona, 1, 2, Iowa, 49, 98, 1925-1945, 11, 22, 1946-1964, 30, 60, 1965-1983, 7, 14, 1984-2000, 1, 2, 1985, 1, 2, , 1, 2, Advanced
Degree, 1, 2, Advanced Degree, 6, 12, Bachelor's
Degree, 1, 2, Bachelor's Degree, 18, 36, High
School or GED, 5, 10, High School
or GED, 1, 2, High School or
GED, 2, 4, High School or GED, 15, 30, Female, 27, 54, Male, 23, 46, , 1, 2, Household
with members 65 and over, 1, 2, Household with
one or more full-time workers, 2, 4, Household with members
65 and over, 1, 2, Household with members 65 and over, 9, 18, Household with one or
more full-time workers, 5, 10, Household with one or more
full-time workers, 4, 8, Household with one or more full-time
workers, 7, 14, Household with one or more full-time workers, 14, 28, Other, 6, 12, , 1, 2, Married, 29, 58, Married with children under
age 18, 3, 6, Married with children under age 18, 3, 6, Single, 14, 28, , 5, 10, X, 45, 90, , 30, 60, X, 20, 40, , 28, 56, X, 22, 44, , 29, 58, X, 21, 42, , 27, 54, X, 23, 46, , 39, 78, X, 11, 22, , 1, 2, No, 35, 70, Yes, 14, 28, Yes, 50, 100, , 50, 100, Extensive, 13, 26, Quite
a lot, 1, 2, Quite a
lot, 2, 4, Quite a lot, 18, 36, Some
experience, 1, 2, Some experience, 13, 26, Very
limited, 1, 2, Very limited, 1, 2, 1 - Strongly Disagree, 1, 2, 4 -
Agree, 1, 2, 4 - Agree, 11, 22, 5
- Strongly Agree, 2, 4, 5 -
Strongly Agree, 5, 10, 5 - Strongly
Agree, 4, 8, 5 - Strongly Agree, 26, 52, 1 -
Strongly Disagree, 1, 2, 3 -
Neither Disagree nor Agree, 2, 4, 3 - Neither
Disagree nor Agree, 1, 2, 4 -
Agree, 2, 4, 4 - Agree, 7, 14, 5
- Strongly Agree, 2, 4, 5 -
Strongly Agree, 8, 16, 5 - Strongly
Agree, 3, 6, 5 - Strongly Agree, 24, 48, 1 -
Strongly Disagree, 1, 2, 1 - Strongly
Disagree, 1, 2, 1 - Strongly Disagree, 10, 20, 2
- Disagree, 1, 2, 2 -
Disagree, 1, 2, 2 - Disagree, 6, 12, 3 -
Neither Disagree nor Agree, 1, 2, 3 - Neither
Disagree nor Agree, 3, 6, 3 - Neither Disagree nor
Agree, 6, 12, 3 - Neither Disagree nor Agree, 7, 14, 4
- Agree, 1, 2, 4 -
Agree, 1, 2, 4 - Agree, 7, 14, 5 - Strongly Agree, 4, 8, 1 -
Strongly Disagree, 1, 2, 1 - Strongly
Disagree, 3, 6, 1 - Strongly Disagree, 8, 16, 2 -
Disagree, 3, 6, 2 - Disagree, 4, 8, 3 -
Neither Disagree nor Agree, 1, 2, 3 - Neither
Disagree nor Agree, 4, 8, 3 - Neither Disagree nor Agree, 14, 28, 4 -
Agree, 1, 2, 4 - Agree, 7, 14, 5 -
Strongly Agree, 1, 2, 5 - Strongly
Agree, 1, 2, 5 - Strongly Agree, 2, 4, 1 -
Strongly Disagree, 2, 4, 1 - Strongly
Disagree, 1, 2, 1 - Strongly Disagree, 5, 10, 2 -
Disagree, 1, 2, 2 - Disagree, 4, 8, 3 -
Neither Disagree nor Agree, 1, 2, 3 - Neither
Disagree nor Agree, 2, 4, 3 - Neither Disagree nor
Agree, 2, 4, 3 - Neither Disagree nor Agree, 3, 6, 4 -
Agree, 2, 4, 4 - Agree, 15, 30, 5 -
Strongly Agree, 1, 2, 5 - Strongly
Agree, 1, 2, 5 - Strongly Agree, 10, 20, 1 - Strongly Disagree, 2, 4, 2 - Disagree, 3, 6, 3 - Neither
Disagree nor Agree, 1, 2, 3 - Neither Disagree nor Agree, 7, 14, 4 -
Agree, 1, 2, 4 - Agree, 12, 24, 5
- Strongly Agree, 1, 2, 5 -
Strongly Agree, 3, 6, 5 - Strongly
Agree, 1, 2, 5 - Strongly Agree, 19, 38, 1 -
Strongly Disagree, 1, 2, 1 - Strongly
Disagree, 2, 4, 1 - Strongly Disagree, 6, 12, 2 -
Disagree, 2, 4, 2 - Disagree, 4, 8, 3
- Neither Disagree nor Agree, 1, 2, 3 -
Neither Disagree nor Agree, 2, 4, 3 - Neither
Disagree nor Agree, 1, 2, 3 - Neither Disagree nor
Agree, 1, 2, 3 - Neither Disagree nor Agree, 5, 10, 4
- Agree, 1, 2, 4 - Agree, 11, 22, 5 -
Strongly Agree, 5, 10, 5 - Strongly
Agree, 5, 10, 5 - Strongly Agree, 3, 6, 1 - Strongly Disagree, 1, 2, 3 - Neither Disagree nor
Agree, 1, 2, 3 - Neither Disagree nor Agree, 1, 2, 4
- Agree, 1, 2, 4 -
Agree, 2, 4, 4 - Agree, 12, 24, 5 -
Strongly Agree, 5, 10, 5 - Strongly
Agree, 4, 8, 5 - Strongly Agree, 23, 46, 1 - Strongly Disagree, 2, 4, 2 - Disagree, 1, 2, 3 - Neither
Disagree nor Agree, 1, 2, 3 - Neither Disagree nor Agree, 4, 8, 4 -
Agree, 2, 4, 4 - Agree, 11, 22, 5 -
Strongly Agree, 3, 6, 5 - Strongly
Agree, 4, 8, 5 - Strongly Agree, 22, 44, 1 -
Strongly Disagree, 1, 2, 1 - Strongly Disagree, 1, 2, 2 - Disagree, 1, 2, 3
- Neither Disagree nor Agree, 2, 4, 3 - Neither
Disagree nor Agree, 4, 8, 3 - Neither Disagree nor
Agree, 1, 2, 3 - Neither Disagree nor Agree, 3, 6, 4 -
Agree, 1, 2, 4 - Agree, 13, 26, 5 -
Strongly Agree, 6, 12, 5 - Strongly
Agree, 4, 8, 5 - Strongly Agree, 13, 26, 1 - Strongly Disagree, 2, 4, 2 -
Disagree, 1, 2, 2 - Disagree, 2, 4, 3 - Neither
Disagree nor Agree, 7, 14, 3 - Neither Disagree nor
Agree, 1, 2, 3 - Neither Disagree nor Agree, 7, 14, 4
- Agree, 1, 2, 4 -
Agree, 2, 4, 4 - Agree, 12, 24, 5 -
Strongly Agree, 3, 6, 5 - Strongly
Agree, 1, 2, 5 - Strongly Agree, 11, 22, 1 -
Strongly Disagree, 2, 4, 1 - Strongly
Disagree, 4, 8, 1 - Strongly Disagree, 15, 30, 2 -
Disagree, 2, 4, 2 - Disagree, 12, 24, 3
- Neither Disagree nor Agree, 1, 2, 3 - Neither
Disagree nor Agree, 1, 2, 3 - Neither Disagree nor
Agree, 1, 2, 3 - Neither Disagree nor Agree, 8, 16, 4 -
Agree, 1, 2, 4 - Agree, 1, 2, 5 - Strongly Agree, 2, 4, 1
- Strongly Disagree, 3, 6, 1 -
Strongly Disagree, 3, 6, 1 - Strongly
Disagree, 4, 8, 1 - Strongly Disagree, 15, 30, 2
- Disagree, 1, 2, 2 -
Disagree, 2, 4, 2 - Disagree, 7, 14, 3 - Neither
Disagree nor Agree, 2, 4, 3 - Neither Disagree
nor Agree, 2, 4, 3 - Neither Disagree nor
Agree, 1, 2, 3 - Neither Disagree nor Agree, 7, 14, 4 - Agree, 1, 2, 5
- Strongly Agree, 1, 2, 5 - Strongly Agree, 1, 2, 1
- Strongly Disagree, 1, 2, 1 -
Strongly Disagree, 4, 8, 1 - Strongly
Disagree, 2, 4, 1 - Strongly Disagree, 21, 42, 2 -
Disagree, 1, 2, 2 - Disagree, 9, 18, 3 - Neither
Disagree nor Agree, 2, 4, 3 - Neither Disagree nor Agree, 4, 8, 4 - Agree, 5, 10, 5 - Strongly Agree, 1, 2, 1 -
Strongly Disagree, 5, 10, 1 - Strongly
Disagree, 3, 6, 1 - Strongly Disagree, 19, 38, 2
- Disagree, 1, 2, 2 - Disagree, 8, 16, 3 -
Neither Disagree nor Agree, 1, 2, 3 - Neither
Disagree nor Agree, 3, 6, 3 - Neither Disagree nor
Agree, 1, 2, 3 - Neither Disagree nor Agree, 4, 8, 4
- Agree, 1, 2, 4 - Agree, 2, 4, 5 - Strongly Agree, 2, 4, 1
- Strongly Disagree, 1, 2, 1 -
Strongly Disagree, 4, 8, 1 - Strongly
Disagree, 4, 8, 1 - Strongly Disagree, 18, 36, 2 -
Disagree, 2, 4, 2 - Disagree, 10, 20, 3 - Neither
Disagree nor Agree, 1, 2, 3 - Neither Disagree nor
Agree, 1, 2, 3 - Neither Disagree nor Agree, 1, 2, 4 -
Agree, 1, 2, 4 - Agree, 5, 10, 5 -
Strongly Agree, 2, 4, 1 -
Strongly Disagree, 2, 4, 1 - Strongly
Disagree, 2, 4, 1 - Strongly Disagree, 24, 48, 2
- Disagree, 1, 2, 2 -
Disagree, 2, 4, 2 - Disagree, 11, 22, 3 - Neither
Disagree nor Agree, 1, 2, 3 - Neither Disagree nor Agree, 2, 4, 4 - Agree, 4, 8, 5 - Strongly Agree, 1, 2, , 5, 10, X, 45, 90, , 30, 60, X, 20, 40, , 28, 56, X, 22, 44, , 29, 58, X, 21, 42, , 27, 54, X, 23, 46, , 39, 78, X, 11, 22, , 1, 2, No, 35, 70, Yes, 14, 28, Yes, 50, 100, , 50, 100, , 20, 40, 1, 1, 2, 10, 1, 2, 11, 1, 2, 12, 1, 2, 13, 1, 2, 14, 1, 2, 15, 1, 2, 16, 1, 2, 17, 1, 2, 19, 1, 2, 2, 1, 2, 20, 1, 2, 23, 1, 2, 24, 1, 2, 25, 1, 2, 29, 1, 2, 3, 1, 2, 39, 1, 2, 4, 1, 2, 42, 1, 2, 44, 1, 2, 47, 1, 2, 48, 1, 2, 49, 1, 2, 5, 1, 2, 6, 1, 2, 7, 1, 2, 8, 1, 2, 9, 1, 2, test5559, 1, 2, , 5, 10, X, 45, 90, , 30, 60, X, 20, 40, , 28, 56, X, 22, 44, , 29, 58, X, 21, 42, , 27, 54, X, 23, 46, , 39, 78, X, 11, 22, , 1, 2, No, 35, 70, Yes, 14, 28, Yes, 50, 100, , 50, 100, , 5, 10, X, 45, 90, , 30, 60, X, 20, 40, , 28, 56, X, 22, 44, , 29, 58, X, 21, 42, , 27, 54, X, 23, 46, , 39, 78, X, 11, 22, , 1, 2, No, 35, 70, Yes, 14, 28, Yes, 50, 100, , 50, 100, , 20, 40, 1, 1, 2, 10, 1, 2, 11, 1, 2, 12, 1, 2, 13, 1, 2, 14, 1, 2, 15, 1, 2, 16, 1, 2, 17, 1, 2, 19, 1, 2, 2, 1, 2, 20, 1, 2, 23, 1, 2, 24, 1, 2, 25, 1, 2, 29, 1, 2, 3, 1, 2, 39, 1, 2, 4, 1, 2, 42, 1, 2, 44, 1, 2, 47, 1, 2, 48, 1, 2, 49, 1, 2, 5, 1, 2, 6, 1, 2, 7, 1, 2, 8, 1, 2, 9, 1, 2, test5559, 1, 2, , 5, 10, X, 45, 90, , 30, 60, X, 20, 40, , 28, 56, X, 22, 44, , 29, 58, X, 21, 42, , 27, 54, X, 23, 46, , 39, 78, X, 11, 22, , 1, 2, No, 35, 70, Yes, 14, 28, Yes, 50, 100, , 50, 100, , 5, 10, X, 45, 90, , 30, 60, X, 20, 40, , 28, 56, X, 22, 44, , 29, 58, X, 21, 42, , 27, 54, X, 23, 46, , 39, 78, X, 11, 22, , 1, 2, No, 35, 70, Yes, 14, 28, Yes, 50, 100, , 50, 100, Extensive, 13, 26, Quite
a lot, 1, 2, Quite a
lot, 2, 4, Quite a lot, 18, 36, Some
experience, 1, 2, Some experience, 13, 26, Very
limited, 1, 2, Very limited, 1, 2, 1 - Strongly Disagree, 1, 2, 4 -
Agree, 1, 2, 4 - Agree, 11, 22, 5
- Strongly Agree, 2, 4, 5 -
Strongly Agree, 5, 10, 5 - Strongly
Agree, 4, 8, 5 - Strongly Agree, 26, 52, 1 -
Strongly Disagree, 1, 2, 3 -
Neither Disagree nor Agree, 2, 4, 3 - Neither
Disagree nor Agree, 1, 2, 4 -
Agree, 2, 4, 4 - Agree, 7, 14, 5
- Strongly Agree, 2, 4, 5 -
Strongly Agree, 8, 16, 5 - Strongly
Agree, 3, 6, 5 - Strongly Agree, 24, 48, 1 -
Strongly Disagree, 1, 2, 1 - Strongly
Disagree, 1, 2, 1 - Strongly Disagree, 10, 20, 2
- Disagree, 1, 2, 2 -
Disagree, 1, 2, 2 - Disagree, 6, 12, 3 -
Neither Disagree nor Agree, 1, 2, 3 - Neither
Disagree nor Agree, 3, 6, 3 - Neither Disagree nor
Agree, 6, 12, 3 - Neither Disagree nor Agree, 7, 14, 4
- Agree, 1, 2, 4 -
Agree, 1, 2, 4 - Agree, 7, 14, 5 - Strongly Agree, 4, 8, 1 -
Strongly Disagree, 1, 2, 1 - Strongly
Disagree, 3, 6, 1 - Strongly Disagree, 8, 16, 2 -
Disagree, 3, 6, 2 - Disagree, 4, 8, 3 -
Neither Disagree nor Agree, 1, 2, 3 - Neither
Disagree nor Agree, 4, 8, 3 - Neither Disagree nor Agree, 14, 28, 4 -
Agree, 1, 2, 4 - Agree, 7, 14, 5 -
Strongly Agree, 1, 2, 5 - Strongly
Agree, 1, 2, 5 - Strongly Agree, 2, 4, 1 -
Strongly Disagree, 2, 4, 1 - Strongly
Disagree, 1, 2, 1 - Strongly Disagree, 5, 10, 2 -
Disagree, 1, 2, 2 - Disagree, 4, 8, 3 -
Neither Disagree nor Agree, 1, 2, 3 - Neither
Disagree nor Agree, 2, 4, 3 - Neither Disagree nor
Agree, 2, 4, 3 - Neither Disagree nor Agree, 3, 6, 4 -
Agree, 2, 4, 4 - Agree, 15, 30, 5 -
Strongly Agree, 1, 2, 5 - Strongly
Agree, 1, 2, 5 - Strongly Agree, 10, 20, 1 - Strongly Disagree, 2, 4, 2 - Disagree, 3, 6, 3 - Neither
Disagree nor Agree, 1, 2, 3 - Neither Disagree nor Agree, 7, 14, 4 -
Agree, 1, 2, 4 - Agree, 12, 24, 5
- Strongly Agree, 1, 2, 5 -
Strongly Agree, 3, 6, 5 - Strongly
Agree, 1, 2, 5 - Strongly Agree, 19, 38, 1 -
Strongly Disagree, 1, 2, 1 - Strongly
Disagree, 2, 4, 1 - Strongly Disagree, 6, 12, 2 -
Disagree, 2, 4, 2 - Disagree, 4, 8, 3
- Neither Disagree nor Agree, 1, 2, 3 -
Neither Disagree nor Agree, 2, 4, 3 - Neither
Disagree nor Agree, 1, 2, 3 - Neither Disagree nor
Agree, 1, 2, 3 - Neither Disagree nor Agree, 5, 10, 4
- Agree, 1, 2, 4 - Agree, 11, 22, 5 -
Strongly Agree, 5, 10, 5 - Strongly
Agree, 5, 10, 5 - Strongly Agree, 3, 6, 1 - Strongly Disagree, 1, 2, 3 - Neither Disagree nor
Agree, 1, 2, 3 - Neither Disagree nor Agree, 1, 2, 4
- Agree, 1, 2, 4 -
Agree, 2, 4, 4 - Agree, 12, 24, 5 -
Strongly Agree, 5, 10, 5 - Strongly
Agree, 4, 8, 5 - Strongly Agree, 23, 46, 1 - Strongly Disagree, 2, 4, 2 - Disagree, 1, 2, 3 - Neither
Disagree nor Agree, 1, 2, 3 - Neither Disagree nor Agree, 4, 8, 4 -
Agree, 2, 4, 4 - Agree, 11, 22, 5 -
Strongly Agree, 3, 6, 5 - Strongly
Agree, 4, 8, 5 - Strongly Agree, 22, 44, 1 -
Strongly Disagree, 1, 2, 1 - Strongly Disagree, 1, 2, 2 - Disagree, 1, 2, 3
- Neither Disagree nor Agree, 2, 4, 3 - Neither
Disagree nor Agree, 4, 8, 3 - Neither Disagree nor
Agree, 1, 2, 3 - Neither Disagree nor Agree, 3, 6, 4 -
Agree, 1, 2, 4 - Agree, 13, 26, 5 -
Strongly Agree, 6, 12, 5 - Strongly
Agree, 4, 8, 5 - Strongly Agree, 13, 26, 1 - Strongly Disagree, 2, 4, 2 -
Disagree, 1, 2, 2 - Disagree, 2, 4, 3 - Neither
Disagree nor Agree, 7, 14, 3 - Neither Disagree nor
Agree, 1, 2, 3 - Neither Disagree nor Agree, 7, 14, 4
- Agree, 1, 2, 4 -
Agree, 2, 4, 4 - Agree, 12, 24, 5 -
Strongly Agree, 3, 6, 5 - Strongly
Agree, 1, 2, 5 - Strongly Agree, 11, 22, 1 -
Strongly Disagree, 2, 4, 1 - Strongly
Disagree, 4, 8, 1 - Strongly Disagree, 15, 30, 2 -
Disagree, 2, 4, 2 - Disagree, 12, 24, 3
- Neither Disagree nor Agree, 1, 2, 3 - Neither
Disagree nor Agree, 1, 2, 3 - Neither Disagree nor
Agree, 1, 2, 3 - Neither Disagree nor Agree, 8, 16, 4 -
Agree, 1, 2, 4 - Agree, 1, 2, 5 - Strongly Agree, 2, 4, 1
- Strongly Disagree, 3, 6, 1 -
Strongly Disagree, 3, 6, 1 - Strongly
Disagree, 4, 8, 1 - Strongly Disagree, 15, 30, 2
- Disagree, 1, 2, 2 -
Disagree, 2, 4, 2 - Disagree, 7, 14, 3 - Neither
Disagree nor Agree, 2, 4, 3 - Neither Disagree
nor Agree, 2, 4, 3 - Neither Disagree nor
Agree, 1, 2, 3 - Neither Disagree nor Agree, 7, 14, 4 - Agree, 1, 2, 5
- Strongly Agree, 1, 2, 5 - Strongly Agree, 1, 2, 1
- Strongly Disagree, 1, 2, 1 -
Strongly Disagree, 4, 8, 1 - Strongly
Disagree, 2, 4, 1 - Strongly Disagree, 21, 42, 2 -
Disagree, 1, 2, 2 - Disagree, 9, 18, 3 - Neither
Disagree nor Agree, 2, 4, 3 - Neither Disagree nor Agree, 4, 8, 4 - Agree, 5, 10, 5 - Strongly Agree, 1, 2, 1 -
Strongly Disagree, 5, 10, 1 - Strongly
Disagree, 3, 6, 1 - Strongly Disagree, 19, 38, 2
- Disagree, 1, 2, 2 - Disagree, 8, 16, 3 -
Neither Disagree nor Agree, 1, 2, 3 - Neither
Disagree nor Agree, 3, 6, 3 - Neither Disagree nor
Agree, 1, 2, 3 - Neither Disagree nor Agree, 4, 8, 4
- Agree, 1, 2, 4 - Agree, 2, 4, 5 - Strongly Agree, 2, 4, 1
- Strongly Disagree, 1, 2, 1 -
Strongly Disagree, 4, 8, 1 - Strongly
Disagree, 4, 8, 1 - Strongly Disagree, 18, 36, 2 -
Disagree, 2, 4, 2 - Disagree, 10, 20, 3 - Neither
Disagree nor Agree, 1, 2, 3 - Neither Disagree nor
Agree, 1, 2, 3 - Neither Disagree nor Agree, 1, 2, 4 -
Agree, 1, 2, 4 - Agree, 5, 10, 5 -
Strongly Agree, 2, 4, 1 -
Strongly Disagree, 2, 4, 1 - Strongly
Disagree, 2, 4, 1 - Strongly Disagree, 24, 48, 2
- Disagree, 1, 2, 2 -
Disagree, 2, 4, 2 - Disagree, 11, 22, 3 - Neither
Disagree nor Agree, 1, 2, 3 - Neither Disagree nor Agree, 2, 4, 4 - Agree, 4, 8, 5 - Strongly Agree, 1, 2, , 5, 10, X, 45, 90, , 30, 60, X, 20, 40, , 28, 56, X, 22, 44, , 29, 58, X, 21, 42, , 27, 54, X, 23, 46, , 39, 78, X, 11, 22, , 1, 2, No, 35, 70, Yes, 14, 28, Yes, 50, 100, , 50, 100, Ames, 2, 4, Ankeny, 3, 6, Bloomfield, 1, 2, Bondurant, 1, 2, Carlisle, 1, 2, Clive, 1, 2, Des
Moines, 6, 12, Des Moines, 11, 22, guthrie center, 1, 2, HUXLEY, 2, 4, Indianola, 2, 4, Johnston, 3, 6, Kellogg, 1, 2, Knoxville, 1, 2, Milo, 1, 2, Minburn, 1, 2, Mingo, 1, 2, Pella, 1, 2, Phoenix, 1, 2, Polk City, 1, 2, Prairie City, 1, 2, Stanhope, 1, 2, Urbandale, 4, 8, Waukee, 1, 2, West Des Moines, 1, 2, , 1, 2, $10,000-
$29,000, 2, 4, $10,000- $29,000, 7, 14, $100,000 and above, 7, 14, $30,000-
$59,000, 1, 2, $30,000- $59,000, 17, 34, $60,000-
$99,999, 1, 2, $60,000- $99,999, 2, 4, I prefer not
to disclose, 1, 2, I prefer not to
disclose, 2, 4, I prefer not to disclose, 6, 12, Under $10,000, 3, 6, Arizona, 1, 2, Iowa, 49, 98, 1925-1945, 11, 22, 1946-1964, 30, 60, 1965-1983, 7, 14, 1984-2000, 1, 2, 1985, 1, 2, , 1, 2, Advanced
Degree, 1, 2, Advanced Degree, 6, 12, Bachelor's
Degree, 1, 2, Bachelor's Degree, 18, 36, High
School or GED, 5, 10, High School
or GED, 1, 2, High School or
GED, 2, 4, High School or GED, 15, 30, Female, 27, 54, Male, 23, 46, , 1, 2, Household
with members 65 and over, 1, 2, Household with
one or more full-time workers, 2, 4, Household with members
65 and over, 1, 2, Household with members 65 and over, 9, 18, Household with one or
more full-time workers, 5, 10, Household with one or more
full-time workers, 4, 8, Household with one or more full-time
workers, 7, 14, Household with one or more full-time workers, 14, 28, Other, 6, 12, , 1, 2, Married, 29, 58, Married with children under
age 18, 3, 6, Married with children under age 18, 3, 6, Single, 14, 28, , 5, 10, X, 45, 90, , 30, 60, X, 20, 40, , 28, 56, X, 22, 44, , 29, 58, X, 21, 42, , 27, 54, X, 23, 46, , 39, 78, X, 11, 22, , 1, 2, No, 35, 70, Yes, 14, 28, Yes, 50, 100, , 50, 100, , 5, 10, X, 45, 90, , 30, 60, X, 20, 40, , 28, 56, X, 22, 44, , 29, 58, X, 21, 42, , 27, 54, X, 23, 46, , 39, 78, X, 11, 22, , 1, 2, No, 35, 70, Yes, 14, 28, Yes, 50, 100, , 50, 100, 